Actions Url,WIID,Type
https://acme-test.uipath.com/work-items/106991880,106991880,WI5
https://acme-test.uipath.com/work-items/106991879,106991879,WI5
https://acme-test.uipath.com/work-items/106991887,106991887,WI5
https://acme-test.uipath.com/work-items/106991882,106991882,WI5
https://acme-test.uipath.com/work-items/106991877,106991877,WI5
https://acme-test.uipath.com/work-items/106991883,106991883,WI5
https://acme-test.uipath.com/work-items/106991890,106991890,WI5
https://acme-test.uipath.com/work-items/106991886,106991886,WI5
https://acme-test.uipath.com/work-items/106991888,106991888,WI5
https://acme-test.uipath.com/work-items/106991878,106991878,WI5
https://acme-test.uipath.com/work-items/106991884,106991884,WI5
https://acme-test.uipath.com/work-items/106991881,106991881,WI5
https://acme-test.uipath.com/work-items/106991889,106991889,WI5
https://acme-test.uipath.com/work-items/106991885,106991885,WI5
